<?xml version="1.0" encoding="UTF-8"?>
<project-private xmlns="http://www.netbeans.org/ns/project-private/1">
    <editor-bookmarks xmlns="http://www.netbeans.org/ns/editor-bookmarks/2" lastBookmarkId="0"/>
    <open-files xmlns="http://www.netbeans.org/ns/projectui-open-files/2">
        <group>
            <file>file:/C:/Users/luisf/OneDrive/Documentos/NetBeansProjects/SpotifyXela/src/spotifyxela/newpackage/REPRODUCTOR.java</file>
            <file>file:/C:/Users/luisf/OneDrive/Documentos/NetBeansProjects/SpotifyXela/src/spotifyxela/SpotifyXela.java</file>
            <file>file:/C:/Users/luisf/OneDrive/Documentos/NetBeansProjects/SpotifyXela/src/spotifyxela/newpackage/ANUNCIOS.java</file>
            <file>file:/C:/Users/luisf/OneDrive/Documentos/NetBeansProjects/SpotifyXela/src/spotifyxela/newpackage/mainGui.java</file>
            <file>file:/C:/Users/luisf/OneDrive/Documentos/NetBeansProjects/SpotifyXela/src/spotifyxela/newpackage/HISTORIAL.java</file>
        </group>
    </open-files>
</project-private>
